﻿{
    "Search": [
        {
            "Title": "Kalle Blomkvist - Mästerdetektiven lever farligt",
            "Year": "1996",
            "imdbID": "tt0116741",
            "Type": "movie",
            "Poster": "https://m.media-amazon.com/images/M/MV5BMTAyMDc4NDUwNTReQTJeQWpwZ15BbWU4MDY5NjAzOTYx._V1_SX300.jpg"
        },
        {
            "Title": "Kalle Blomkvist och Rasmus",
            "Year": "1997",
            "imdbID": "tt0119438",
            "Type": "movie",
            "Poster": "https://m.media-amazon.com/images/M/MV5BMTEzN2JkMWMtZjRjNS00NGUxLThjZGUtZTIxZTBjYzEyNDg4XkEyXkFqcGdeQXVyMTQzMjU1NjE@._V1_SX300.jpg"
        },
        {
            "Title": "Kalle Blomkvist och Rasmus",
            "Year": "2001",
            "imdbID": "tt0282651",
            "Type": "movie",
            "Poster": "N/A"
        },
        {
            "Title": "Kalle Blomkvist - Mästerdetektiven lever farligt",
            "Year": "2001",
            "imdbID": "tt0280814",
            "Type": "series",
            "Poster": "N/A"
        }
    ],
    "totalResults": "4",
    "Response": "True"
}